{
  "timestamp": "2026-04-11T12:46:10.672Z",
  "results": {
    "raw-signal-ops": {
      "latency": {
        "mean": 0.000025426724173465772,
        "p50": 0.000041000000237545464,
        "p75": 0.00004199999966658652,
        "p99": 0.00004200000057608122,
        "min": 0,
        "max": 10.763165999999728,
        "sd": 0.0017436417428680104,
        "rme": 2.143226751248115
      },
      "throughput": {
        "mean": 30555476.023992468,
        "p50": 24390243.76112703
      },
      "samplesCount": 39328700,
      "totalTime": 1000.0000070007231
    },
    "effect-conditional-dep-switch": {
      "latency": {
        "mean": 0.0002740787348648247,
        "p50": 0.0002500000009604264,
        "p75": 0.0002500000009604264,
        "p99": 0.00033400000029359944,
        "min": 0.0001249999986612238,
        "max": 0.6251249999986612,
        "sd": 0.001992925199187656,
        "rme": 0.7461211926636729
      },
      "throughput": {
        "mean": 3855362.3611640255,
        "p50": 3999999.9846331775
      },
      "samplesCount": 3648587,
      "totalTime": 1000.0001090042861
    },
    "computed-conditional-dep-switch": {
      "latency": {
        "mean": 0.000299867437605142,
        "p50": 0.00029100000028847717,
        "p75": 0.0002920000006270129,
        "p99": 0.00033400000029359944,
        "min": 0.00016599999798927456,
        "max": 31.97583300000042,
        "sd": 0.0176644965595163,
        "rme": 6.322555860091884
      },
      "throughput": {
        "mean": 3655784.2133188597,
        "p50": 3436426.113431854
      },
      "samplesCount": 3334807,
      "totalTime": 1000.0000299977219
    },
    "signal-fan-out": {
      "latency": {
        "mean": 0.03657275006397764,
        "p50": 0.03391700000065612,
        "p75": 0.034583000000566244,
        "p99": 0.04916699999739649,
        "min": 0.030791000001045177,
        "max": 32.412584000001516,
        "sd": 0.2101438174251204,
        "rme": 6.8107037418485135
      },
      "throughput": {
        "mean": 29405.45484986203,
        "p50": 29483.73971697542
      },
      "samplesCount": 27343,
      "totalTime": 1000.0087049993417
    },
    "deep-computed-chain": {
      "latency": {
        "mean": 0.00819747219831804,
        "p50": 0.007834000000002561,
        "p75": 0.007958000001963228,
        "p99": 0.010874999999941792,
        "min": 0.007458000000042375,
        "max": 0.8925419999977748,
        "sd": 0.010731394825780607,
        "rme": 0.7346355775383592
      },
      "throughput": {
        "mean": 126018.70334770906,
        "p50": 127648.71074797971
      },
      "samplesCount": 121989,
      "totalTime": 1000.001436000628
    },
    "batch-multiple-updates": {
      "latency": {
        "mean": 0.0044968836750224755,
        "p50": 0.004166000002442161,
        "p75": 0.004249999998137355,
        "p99": 0.010041999998065876,
        "min": 0.003915999997843755,
        "max": 4.362042000000656,
        "sd": 0.01275166086620171,
        "rme": 1.1785994618031341
      },
      "throughput": {
        "mean": 233684.3623041119,
        "p50": 240038.40600426972
      },
      "samplesCount": 222377,
      "totalTime": 1000.0035010004649
    }
  }
}