{
  "timestamp": "2026-04-11T13:02:48.720Z",
  "results": {
    "raw-signal-ops": {
      "latency": {
        "mean": 0.000021340105551586337,
        "p50": 0.00004099999932805076,
        "p75": 0.00004199999966658652,
        "p99": 0.00004200000057608122,
        "min": 0,
        "max": 0.08008399999926041,
        "sd": 0.00007421840723760254,
        "rme": 0.09957937866137469
      },
      "throughput": {
        "mean": 35341298.34677027,
        "p50": 24390244.30217088
      },
      "samplesCount": 46860126,
      "totalTime": 1000.0000350006221
    },
    "effect-conditional-dep-switch": {
      "latency": {
        "mean": 0.0003324747922609409,
        "p50": 0.0002920000006270129,
        "p75": 0.0002920000006270129,
        "p99": 0.0003749999996216502,
        "min": 0.00016599999798927456,
        "max": 70.18424999999843,
        "sd": 0.040541043191246726,
        "rme": 13.780710728785078
      },
      "throughput": {
        "mean": 3430205.4056144017,
        "p50": 3424657.526892793
      },
      "samplesCount": 3007747,
      "totalTime": 1000.0000589984884
    },
    "computed-conditional-dep-switch": {
      "latency": {
        "mean": 0.0003013854275950631,
        "p50": 0.0002500000009604264,
        "p75": 0.0002500000009604264,
        "p99": 0.0007079999995767139,
        "min": 0.0001249999986612238,
        "max": 4.159790999998222,
        "sd": 0.006062378821830196,
        "rme": 2.164402274526727
      },
      "throughput": {
        "mean": 4191890.9475985053,
        "p50": 3999999.9846331775
      },
      "samplesCount": 3318011,
      "totalTime": 1000.0001640000919
    },
    "signal-fan-out": {
      "latency": {
        "mean": 0.028422330547977295,
        "p50": 0.028500000000349246,
        "p75": 0.029082999997626757,
        "p99": 0.04137500000069849,
        "min": 0.02375000000029104,
        "max": 2.003958999997849,
        "sd": 0.0135010024225421,
        "rme": 0.49635202108316645
      },
      "throughput": {
        "mean": 35895.72105218288,
        "p50": 35087.71929781564
      },
      "samplesCount": 35184,
      "totalTime": 1000.0112780000272
    },
    "deep-computed-chain": {
      "latency": {
        "mean": 0.0064047399109768135,
        "p50": 0.005791999999928521,
        "p75": 0.006166999999550171,
        "p99": 0.011750000001484295,
        "min": 0.0054579999996349216,
        "max": 5.614291999998386,
        "sd": 0.0159492401364115,
        "rme": 1.2352203451964683
      },
      "throughput": {
        "mean": 164284.92009656658,
        "p50": 172651.93370378815
      },
      "samplesCount": 156135,
      "totalTime": 1000.0040660003724
    },
    "batch-multiple-updates": {
      "latency": {
        "mean": 0.004087613259371977,
        "p50": 0.00370900000052643,
        "p75": 0.003833000002487097,
        "p99": 0.007458590000242108,
        "min": 0.0034999999988940544,
        "max": 2.8714160000017728,
        "sd": 0.019395971931031212,
        "rme": 1.8803223568675247
      },
      "throughput": {
        "mean": 262071.85126034718,
        "p50": 269614.4512963243
      },
      "samplesCount": 244642,
      "totalTime": 1000.0018829992732
    }
  }
}